project_id,representation,observation,recovery,provenance,replay,external_state,formal_verification,simulation,nonclaims,falsification,authority_partitioning,preservation,sonification,semantic_transport,oracle_candidate_parity
project:uft-id-3-0,documented,documented,documented,documented,not-found,not-found,not-found,not-found,documented,documented,not-found,not-found,not-found,not-found,not-found
project:uff,not-found,documented,not-found,documented,documented,not-found,not-found,documented,documented,documented,not-found,not-found,not-found,not-found,not-found
project:qai-uft,documented,not-found,not-found,not-found,not-found,not-found,not-found,not-found,not-found,not-found,not-found,not-found,documented,not-found,not-found
project:res-rag,not-found,documented,not-found,documented,documented,not-found,not-found,not-found,documented,documented,not-found,not-found,not-found,not-found,not-found
project:res-rag-viz,not-found,documented,not-found,documented,not-found,not-found,not-found,not-found,not-found,not-found,not-found,not-found,documented,not-found,not-found
project:qsolqec,not-found,documented,documented,not-found,not-found,not-found,partial,documented,documented,not-found,not-found,not-found,not-found,not-found,documented
project:qsol-qec-bridge,not-found,not-found,documented,documented,documented,not-found,not-found,not-found,not-found,not-found,not-found,documented,not-found,not-found,not-found
project:sonification,documented,not-found,not-found,documented,not-found,not-found,not-found,not-found,documented,not-found,not-found,not-found,documented,not-found,not-found
project:e8-music,documented,documented,not-found,documented,not-found,not-found,not-found,not-found,documented,not-found,not-found,not-found,documented,not-found,not-found
project:spectral,documented,not-found,not-found,documented,documented,not-found,not-found,not-found,not-found,not-found,not-found,not-found,documented,not-found,not-found
project:qsol-map,documented,documented,not-found,not-found,not-found,documented,not-found,not-found,documented,not-found,not-found,not-found,not-found,not-found,not-found
project:qsol-geo-reason,documented,documented,not-found,not-found,not-found,not-found,not-found,not-found,documented,documented,not-found,not-found,not-found,not-found,not-found
project:qsol-semantic-relay,not-found,not-found,not-found,documented,not-found,documented,not-found,not-found,not-found,documented,not-found,not-found,not-found,documented,not-found
project:qsol-substrate,not-found,not-found,not-found,documented,not-found,documented,not-found,not-found,documented,not-found,documented,not-found,not-found,documented,not-found
project:qsol-oracle,not-found,not-found,not-found,documented,documented,not-found,not-found,not-found,documented,not-found,documented,not-found,not-found,not-found,not-found
project:qsol-nexus,not-found,not-found,not-found,documented,not-found,documented,not-found,not-found,documented,not-found,documented,not-found,not-found,not-found,not-found
project:qsol-control,not-found,not-found,not-found,documented,documented,documented,not-found,not-found,not-found,not-found,documented,documented,not-found,not-found,not-found
project:galaxy,not-found,documented,not-found,documented,not-found,not-found,partial,documented,documented,not-found,not-found,not-found,not-found,not-found,documented
project:psycle-linux,not-found,not-found,documented,documented,documented,not-found,not-found,not-found,not-found,not-found,not-found,documented,not-found,not-found,not-found
project:rivet,not-found,not-found,not-found,not-found,not-found,documented,not-found,not-found,not-found,not-found,not-found,documented,not-found,not-found,not-found
project:cosmo,documented,not-found,not-found,not-found,not-found,not-found,documented,not-found,documented,not-found,not-found,not-found,not-found,not-found,partial
project:qsol-ark,not-found,not-found,documented,documented,not-found,documented,not-found,not-found,documented,not-found,not-found,documented,not-found,not-found,not-found
project:lattice,not-found,not-found,not-found,not-found,not-found,documented,not-found,not-found,documented,not-found,documented,documented,not-found,not-found,not-found
